name,country
Tuna Aero,Sweden
Cranwell Flying Training Unit,United Kingdom
Renan,Moldova
Voar Lda,Angola
Southern Cargo Air Lines,Russia
Regional Air,Mauritania
Nurnberger Flugdienst,Germany
Z-Avia,Armenia
Southeast Airmotive,United States
Trinity Air Bahamas,Bahamas
Taxi de Veracruz,Mexico
Universal Airlines,Guyana
Quest Diagnostics,United States
Walsten Air Services,Canada
Northwood Headquarters,United Kingdom
Quebec Government Air Service,Canada
Servicio Tecnico Aero De Mexico,Mexico
Sky Harbor Air Service,United States
Tajikstan,Tajikistan
Spirit of Africa Airlines,Sudan
South Central Air,United States
Royal Air Force,United Kingdom
Professional Express Courier Service,United States
Qatar Amiri Flight,Qatar
Royal American Airways,United States
SAM Colombia,Colombia
Shooter Air Courier,Canada
Styrian Airways,Austria
Transportes Aereos Regionales,Mexico
US Marshals Service,United States
Vuelos Internos Privados VIP,Ecuador
XP Internation,Netherlands
Jupiter Airlines,United Arab Emirates
Alghanim,United States
Stephenville Aviation Services,Canada
Skydrift,United Kingdom
Sunbird Airlines,United States
Sheremetyevo-Cargo,Russia
Servicios Aereos Sunset,Mexico
Spectrem Air,South Africa
Tranporte Amazonair,Venezuela
West African Airlines,Benin
Western Arctic Air,Canada
Western Aviators,United States
Simrik Airlines,Nepal
Westland Helicopters,United Kingdom
Church Fenton Flying Training Unit,United Kingdom
Richland Aviation,United States
Royal Daisy Airlines,Uganda
Roraima Airways,Guyana
Transportes Aereos del Mundo Maya,Mexico
Star Aviation,United Kingdom
Sham Wing Airlines,Syrian Arab Republic
Wind Rose Aviation,Ukraine
Thai Flying Helicopter Service,Thailand
Sky Bahamas,Bahamas
Safe Air,Pakistan
Sundorph Aeronautical Corporation,United States
Trabajos Aereos Vascongados,Spain
Top Sky International,Indonesia
Hellenic Star Airways,Greece
Air Bucharest,Romania
Seco International,Japan
Privilege Style L,Spain
Viscount Air Service,United States
Zantop International Airlines,United States
Ues-Avia Aircompany,Ukraine
Cathay Pacific,Hong Kong
Rick Lucas Helicopters,New Zealand
Sioux Falls Aviation,United States
Sky Bus,United States
Zhejiang Airlines,China
Southern Air Charter,Bahamas
S C Ion Tiriac,Romania
Rossair,South Africa
SADELCA - Sociedad Aerea Del Caqueta,Colombia
Swiss Air Force,Switzerland
The Lancair Company,United States
The Army Aviation Heritage Foundation,United States
TAG Aviation USA,United States
Sark International Airways,United Kingdom
Southern Airways,United States
Southern Ohio Aviation Sales,United States
Transportacion Aerea Del Mar De Cortes,Mexico
Servicios Aereos Premier,Mexico
VIP-Avia,Georgia
Tomsk-Avia,Russia
Taftan Airlines,Iran
Vistajet,Canada
Victor Tagle Larrain,Chile
East Horizon,Afghanistan
Servicios Aereos de Chihuahua Aerochisa,Mexico
Servicios Aereos Avandaro,Mexico
Inter European Airways,United Kingdom
Servizi Aerei,Italy
Raytheon Aircraft Company,United States
Trans Air Charter,United States
Walmart Aviation,United States
Austrian Airlines,Austria
Tamir Airways,Israel
South African Non Scheduled Airways,South Africa
United Arabian Airlines,Sudan
Transporte Aereo Ernesto Saenz,Mexico
Direct Aero Services,Romania
River Ministries Air Charter,South Africa
Rutland Aviation,United Kingdom
Solent Flight,United Kingdom
Trans Euro Air,United Kingdom
Ukraine Transavia,Ukraine
Wiggins Airways,United States
Servicios Aereos Profesionales,Dominican Republic
Sahel Aviation Service,Mali
Servicio Aereo Saltillo,Mexico
Whyalla Airlines,Australia
Trans Atlantic Airlines,Sierra Leone
SASCO Airlines,Sudan
Rusline,Russia
Sunshine Air Tours,United States
Fly Africa Zimbabwe,Zimbabwe
Williams Air,United States
Viking Airlines,Sweden
Socofer,Angola
Servicios Aereos San Cristobal,Mexico
TG Aviation,United Kingdom
Volga Aviaexpress,Russia
Zephyr Express,United States
EgyptAir Express,Egypt
Eastern Atlantic Charters,United States
Tramson Limited,Sudan
Twin Town Leasing Company,United States
Trans Continental Airlines,United States
Rivne Universal Avia,Ukraine
Rutas Aereas,Venezuela
Transcontinental Airlines,Kazakhstan
White Eagle Aviation,Poland
Norwegian Air International,Norway
Secretaria de Marina,Mexico
Vega Air Company,Ukraine
Eagle Canyon Airlines,United States
Survey Udara (Penas),Indonesia
Skif-Air,Ukraine
Swazi Express Airways,Swaziland
FLYJET,Poland
Servicios Aereos Nacionales,Ecuador
Sky Exec Aviation Services,Nigeria
Samarkand Airways,Uzbekistan
Safari Express Cargo,Kenya
Salair,United States
Servicos De Alquiler,Mexico
Taxirey,Mexico
Taxis Aereos De Parral,Mexico
Saint Barth Commuter,France
Tecnicas Fotograficas,Spain
Sunwest Home Aviation,Canada
Westair Aviation,Namibia
Skymaster Air Taxi,United States
Slate Falls Airways,Canada
Servicios Aereos Slainte,Mexico
Taban Air Lines,Iran
Samal Air,Kazakhstan
Spanish Air Force,Spain
Tradewind Aviation,United States
United Kingdom Civil Aviation Authority,United Kingdom
Universal Jet,Spain
WRA Inc,United States
Zhez Air,Kazakhstan
Temsco Helicopters,United States
Medallion Air,Romania
Transaviabaltika,Lithuania
Egyptair,Egypt
Walter I Linkoping,Sweden
Salpa Aviation,Sudan
Coningsby Flying Training Unit,United Kingdom
State Air Company Berkut,Kazakhstan
Trans Jet Airways,Sweden
Trans Am Compania,Ecuador
VIM-Aviaservice,Russia
Sky Airlines,Turkey
Sonair Servico Aereo,Angola
Compania de Aviacion Faucett,Peru
Sevenair,Tunisia
Transportacion Aerea del Norte,Mexico
Tar Heel Aviation,United States
Quick Air Jet Charter,Germany
RAF Leuchars,United Kingdom
Race Cargo Airlines,Ghana
Richards Aviation,United States
Royal Aviation Express,Canada
Shalom Air Services,Nigeria
Sabang Merauke Raya Air Charter,Indonesia
Savanah Airlines,Nigeria
Vertair,United Kingdom
Winlink,Saint Lucia
Kan Air,Thailand
Puma Linhas Aereas,Brazil
Sirvair,Mexico
FTI Fluggesellschaft,Germany
Servicios Intergrales De Aviacion,Mexico
Swift Air (Interstate Equipment Leasing),United States
United Kingdom Royal VIP Flights,United Kingdom
TAB Express International,United States
Voronezh Aircraft Manufacturing Society,Russia
University Air Squadron,United Kingdom
Safarilink Aviation,Kenya
OCEAN AIR CARGO,India
Korea Express Air,South Korea
Skyfreight,United States
Triple Alpha,Germany
Promotora Industria Totolapa,Mexico
South West Air,Canada
Shans Air,Russia
Teledyne Continental Motors,United States
Transnorthern,United States
Texas Airlines,United States
Tbilisi Aviation University,Georgia
US Army Parachute Team,United States
Vertical-T Air Company,Russia
SUR Lineas Aereas,Argentina
Tunisavia,Tunisia
Qatar Air Cargo,Qatar
Unijet,France
Tajikair,Tajikistan
Sedona Air Center,United States
Universal Jet Aviation,United States
Warbelow's Air Ventures,United States
Rikspolisstyrelsen,Sweden
SANSA,Costa Rica
Waddington FTU,United Kingdom
Royal Phnom Penh Airways,Cambodia
Norlandair,Iceland
Star Air,Indonesia
Travelair,Germany
Salem,Kazakhstan
Taxis Turisticos Marakame,Mexico
White,Portugal
Yak-Service,Russia
Surninam International Victory Airline,Suriname
Volare Airlines,Ukraine
STA-MALI,Mali
S.P. Aviation,United States
Servicios Aereos Universitarios,Mexico
Golden Myanmar Airlines,Burma
Princely Jets,Pakistan
Searca,Colombia
Servicios Aereos La Marquesa,Mexico
Skyline,Nigeria
Transcontinental Sur,Uruguay
United Kingdom Royal VIP Flight,United Kingdom
Professione VOlare,Italy
Raven Air,United States
Rubystar,Belarus
Top-Fly,Spain
Swedish Airlines,Sweden
Real Aeroclub De Ternerife,Spain
Shawnee Airline,United States
West Coast Airlines,Ghana
Xclusive Jet Charter Limited,United Kingdom
Transaven,Venezuela
Swiss Air-Ambulance,Switzerland
Sky Gate International Aviation,Kyrgyzstan
Rangemile Limited,United Kingdom
Tenir Airlines,Kyrgyzstan
Regional Air Express,Germany
Severstal,Russia
TRAM,Mauritania
Transarabian Transportation Services,Uganda
WSI Corporation,United States
Tag Aviation UK,United Kingdom
Sun Freight Logistics,Thailand
Unsped Paket Servisi,Turkey
Air Italy Egypt,Egypt
Rwanda Airlines,Rwanda
Vega Aviation,Sudan
Zenith Air,South Africa
Seacoast Airlines,United States
South Pacific Island Airways,United States
Tadair,Spain
Air 26,Angola
Trans Asian Airlines,Kazakhstan
US Check Airlines,United States
Raya Jet,Jordan
Southern Cross Aviation,United States
Ptarmigan Airways,Canada
Leeming Flying Training Unit,United Kingdom
Ram Aircraft Corporation,United States
Reef Air,New Zealand
Shaheen Air Cargo,Pakistan
Starspeed,United Kingdom
Silesia Air,Czech Republic
Starair,Ireland
Svenska Direktflyg,Sweden
Servico Aereo Regional,Mozambique
Spectrum Air Service,United States
Transportes Aereos De Xalapa,Mexico
Transportes Aereos Don Carlos,Chile
Wings Air Transport,Sudan
Wings of Lebanon Aviation,Lebanon
Zanair,Tanzania
CBM America,United States
Holidays Czech Airlines,Czech Republic
Malaysia Wings,Malaysia
Streamline,South Africa
Taunus Air Gmbh,Germany
Reed Aviation,United Kingdom
Sunwest Aviation (Lindquist Investment),United States
Priority Aviation Company,United States
Top Speed,Austria
TAPC Aviatrans Aircompany,Uzbekistan
Transport Canada,Canada
Zapolyarie Airlines,Russia
Servicios Ejecutivos Gosa,Mexico
Wiking Helikopter Service,Germany
Telford Aviation,United States
Sella Aviation,Netherlands
Tranporte Aereo Dominicano,Dominican Republic
Rotana Jet,United Arab Emirates
Lossiemouth Flying Training Unit,United Kingdom
Timberline Air,Canada
Slovak Government Flying Service,Slovakia
Air Cudlua,United Kingdom
Trans Air-Benin,Benin
Saha Airlines Services,Iran
Weasua Air Transport Company,Liberia
Toumai Air Tchad,Chad
Travel International Air Charters,Zambia
VZ Flights,Mexico
Zaire Aero Service,Democratic Republic of Congo
Transafrik International,Sao Tome and Principe
Quisqueya Airlines,Haiti
Transpac Express,Australia
AtlasGlobal Ukraine,Ukraine
Pro Air,United States
RAF St Athan,United Kingdom
Wapiti Aviation,Canada
Tiphook PLC,United Kingdom
Servicios Aereos Luce,Mexico
Wind Spirit Air,United States
Private Jet Management,United States
Mann Yadanarpon Airlines,Burma
Servicio De Viglancia Aerea Del Ministerio De Seguridad Publica,Costa Rica
Transbrasil,Brazil
South Coast Aviation,United Kingdom
Air Engiadina-BRN,Switzerland
Rotormotion,United Kingdom
Trans American Airlines (Trans Am),Peru
Vointeh,Bulgaria
Thai Pacific Airlines Business,Thailand
Soonair Lines,United States
Tradewinds Airlines,United States
Yuzhnaya Aircompany,Kazakhstan
Transwede Airways,Sweden
Tyrol Air Ambulance,Austria
Twinjet Aircraft Sales,United Kingdom
Royal Bahrain Airlines,Bahrain
Vichi,Moldova
United Arab Emirates Air Force,United Arab Emirates
TAF Helicopters,Spain
Servicios Aereos de Los Angeles,Mexico
Vickers Limited,United Kingdom
Tashkent Aircraft Production Corporation,Uzbekistan
West Air Luxembourg,Luxembourg
Skyplan Services,Canada
Tas Aviation,United States
Rover Airways International,United States
Southern Right Air Charter,South Africa
Riau Airlines,Indonesia
Uganda Airlines,Uganda
University of North Dakota,United States
STAC Swiss Government Flights,Switzerland
Skyjet,Kazakhstan
Smalandsflyg,Sweden
Worldwide Jet Charter,United States
Sakaviaservice,Georgia
Samar Air,Tajikistan
Sector Airlines,Canada
Transport Facilitators,United States
Travel Express Aviation Services,Indonesia
Woodgate Executive Air Charter,United Kingdom
Flugfelag Vestmannaeyja,Iceland
Grand China Air,China
Flybe Finland Oy,Finland
Go2Sky,Slovakia
Boliviana de Aviacion,Bolivia
Sun Pacific International,United States
Wisman Aviation,United States
Rog-Air,Canada
Tramon Air,South Africa
Trading Air Cargo,Mauritania
Yuzhmashavia,Ukraine
Tikal Jets Airlines,Guatemala
Vacationair,Canada
Ridder Avia,Kazakhstan
Trans-Air-Link,United States
Solinair,Slovenia
Sentel Corporation,United States
Saber Airlines,Egypt
Suburban Air Freight,United States
Sky Wings Airlines,Greece
Second Sverdlovsk Air Enterprise,Russia
TLC Air,United States
Transportacion Aerea De Queretaro,Mexico
Universal Airways,United States
Executive AirShare,United States
Pouya Air,Iran
Pyramid Air Lines,Egypt
Marham Flying Training Unit,United Kingdom
Ray Aviation,Israel
Red Arrows Display Squadron,United Kingdom
Sud Airlines,France
Stichting Vliegschool 16Hoven,Netherlands
Transport Africa,Sierra Leone
Trans-Pacific Orient Airways,Philippines
Veritair Ltd,United Kingdom
Welch Aviation,United States
Wings Aviation,Guyana
Comfort Express Virtual Charters Albany,United States
Ukraine Air Alliance,Ukraine
Uraiavia,Russia
Servicios De Transporte Aereo,Mexico
Skypower Express Airways,Nigeria
Texas Air Charters,United States
Air Asia X,Indonesia
Servicios De Rampa Y Mostrador,Mexico
Sun West Airlines,United States
Tango Bravo,France
United States Coast Guard Auxiliary,United States
Xerox Corporation,United States
Zorex,Spain
LIO Flugmennt,Iceland
Selkirk Remote Sensing,Canada
Dan-Air London,United Kingdom
Stadium City Limited,United Kingdom
Sevastopol-Avia,Ukraine
Star XL German Airlines,Germany
Star Up,Peru
Servicios Aeronauticos Aero Personal,Mexico
Western Air,Bahamas
Yellow Wings Air Services,Kenya
Jet Suite,United States
Qanot Sharq,Uzbekistan
Quantex Environmental,Canada
RAF Valley SAR Training Unit,United Kingdom
Red Sea Aviation,Egypt
Renown Aviation,United States
Richardson's Airway,United States
Royal Oman Police,Oman
Seven Bar Flying Service,United States
Selcon Airlines,Nigeria
Slovak Air Force,Slovakia
Special Scope Limited,United Kingdom
Sundance Air,Venezuela
Swedeways,Sweden
Sky Jet,Switzerland
Shuangyang General Aviation,China
Servicios Aereos Ejecutivos De La Laguna,Mexico
Sky Limo Corporation,United States
Servicios Aereos Del Norte,Mexico
Super Luza,Angola
SENEAM,Mexico
Transaustralian Air Express,Australia
Tobago Express,Trinidad and Tobago
Trabajos Aereos Murcianos,Spain
Trabajos Aereos,Spain
Taquan Air Services,United States
Taxi Aereo Cozatl,Mexico
United States Department Of Agriculture,United States
UFS,United States
UTAGE,Equatorial Guinea
Vega,Kazakhstan
Winair,United States
Windrose Air,Germany
Zagros Airlines,Iran
Enerjet,Canada
Air Century,Dominican Republic
Finlandian,Finland
AlbaStar,Spain
YES Airways,Poland
Bingo Airways,Poland
Russkie Krylya,Russia
Pro Air Service,United States
Puntavia Air Services,Djibouti
Skyways,Argentina
Valan Limited,Moldova
Wings Airways,United States
Samson Aviation,United Kingdom
Rynes Aviation,United States
VIP Air,Slovakia
BA101,United Kingdom
